{
  "feed" : {
    "author" : {
      "name" : {
        "label" : "iTunes Store"
      },
      "uri" : {
        "label" : "http:\/\/www.apple.com\/itunes\/"
      }
    },
    "updated" : {
      "label" : "2013-07-17T12:07:39-07:00"
    },
    "rights" : {
      "label" : "Copyright 2008 Apple Inc."
    },
    "id" : {
      "label" : "http:\/\/ax.itunes.apple.com\/WebObjects\/MZStoreServices.woa\/ws\/RSS\/topsongs\/limit=1\/json"
    },
    "title" : {
      "label" : "iTunes Store: Top Songs"
    },
    "entry" : {
      "im:contentType" : {
        "im:contentType" : {
          "attributes" : {
            "label" : "Track",
            "term" : "Track"
          }
        },
        "attributes" : {
          "label" : "Music",
          "term" : "Music"
        }
      },
      "im:image" : [
        {
          "label" : "http:\/\/a173.phobos.apple.com\/us\/r1000\/065\/Music2\/v4\/57\/60\/ed\/5760ed9c-715e-0e55-a2b5-ba2092b80c1b\/UMG_cvrart_00602537349708_01_RGB72_1500x1500_13UMGIM25709.55x55-70.jpg",
          "attributes" : {
            "height" : "55"
          }
        },
        {
          "label" : "http:\/\/a895.phobos.apple.com\/us\/r1000\/065\/Music2\/v4\/57\/60\/ed\/5760ed9c-715e-0e55-a2b5-ba2092b80c1b\/UMG_cvrart_00602537349708_01_RGB72_1500x1500_13UMGIM25709.60x60-50.jpg",
          "attributes" : {
            "height" : "60"
          }
        },
        {
          "label" : "http:\/\/a238.phobos.apple.com\/us\/r1000\/065\/Music2\/v4\/57\/60\/ed\/5760ed9c-715e-0e55-a2b5-ba2092b80c1b\/UMG_cvrart_00602537349708_01_RGB72_1500x1500_13UMGIM25709.170x170-75.jpg",
          "attributes" : {
            "height" : "170"
          }
        }
      ],
      "rights" : {
        "label" : "℗ 2013 Star Trak, LLC"
      },
      "id" : {
        "label" : "https:\/\/itunes.apple.com\/us\/album\/blurred-lines-feat.-t.i.-pharrell\/id621507456?i=621507457&uo=2",
        "attributes" : {
          "im:id" : "621507457"
        }
      },
      "category" : {
        "attributes" : {
          "term" : "R&B\/Soul",
          "label" : "R&B\/Soul",
          "im:id" : "15",
          "scheme" : "https:\/\/itunes.apple.com\/us\/genre\/music-r-b-soul\/id15?uo=2"
        }
      },
      "im:price" : {
        "label" : "$1.29",
        "attributes" : {
          "amount" : "1.29000",
          "currency" : "USD"
        }
      },
      "link" : [
        {
          "attributes" : {
            "rel" : "alternate",
            "type" : "text\/html",
            "href" : "https:\/\/itunes.apple.com\/us\/album\/blurred-lines-feat.-t.i.-pharrell\/id621507456?i=621507457&uo=2"
          }
        },
        {
          "attributes" : {
            "im:assetType" : "preview",
            "title" : "Preview",
            "rel" : "enclosure",
            "type" : "audio\/x-m4a",
            "href" : "http:\/\/a76.phobos.apple.com\/us\/r1000\/102\/Music2\/v4\/d8\/63\/0b\/d8630ba4-fd43-6ca8-e80e-d996f10a597e\/mzaf_8778935794072388734.aac.m4a"
          },
          "im:duration" : {
            "label" : "30000"
          }
        }
      ],
      "im:collection" : {
        "im:name" : {
          "label" : "Blurred Lines (feat. T.I. & Pharrell) - Single"
        },
        "link" : {
          "attributes" : {
            "rel" : "alternate",
            "type" : "text\/html",
            "href" : "https:\/\/itunes.apple.com\/us\/album\/blurred-lines-feat.-t.i.-pharrell\/id621507456?uo=2"
          }
        },
        "im:contentType" : {
          "im:contentType" : {
            "attributes" : {
              "label" : "Album",
              "term" : "Album"
            }
          },
          "attributes" : {
            "label" : "Music",
            "term" : "Music"
          }
        }
      },
      "im:artist" : {
        "label" : "Robin Thicke",
        "attributes" : {
          "href" : "https:\/\/itunes.apple.com\/us\/artist\/robin-thicke\/id290491?uo=2"
        }
      },
      "im:name" : {
        "label" : "Blurred Lines (feat. T.I. & Pharrell)"
      },
      "title" : {
        "label" : "Blurred Lines (feat. T.I. & Pharrell) - Robin Thicke"
      },
      "im:releaseDate" : {
        "label" : "2013-03-26T00:00:00-07:00",
        "attributes" : {
          "label" : "March 26, 2013"
        }
      }
    },
    "link" : [
      {
        "attributes" : {
          "rel" : "alternate",
          "type" : "text\/html",
          "href" : "https:\/\/itunes.apple.com\/WebObjects\/MZStore.woa\/wa\/viewTop?cc=us&id=38&popId=1"
        }
      },
      {
        "attributes" : {
          "rel" : "self",
          "href" : "http:\/\/ax.itunes.apple.com\/WebObjects\/MZStoreServices.woa\/ws\/RSS\/topsongs\/limit=1\/json"
        }
      }
    ],
    "icon" : {
      "label" : "http:\/\/itunes.apple.com\/favicon.ico"
    }
  }
}
